UNKNOWN, UNKNOWN , diaz % die
UNKNOWN, UNKNOWN , diaz % grow
UNKNOWN, UNKNOWN , phyt % die
UNKNOWN, UNKNOWN , phyt % grow
UNKNOWN, UNKNOWN , zoo(1) % forage
mom , odam.F , putrow_
mom , odam.F , oput_
common , accel.h , <<unknown>>
common , aggdata.F , <<unknown>>
common , c14data.F , <<unknown>>
common , calendar.h , <<unknown>>
common , cembm.h , <<unknown>>
common , cfcdata.F , <<unknown>>
common , cnep.h , <<unknown>>
common , co2calc.F , <<unknown>>
common , co2data.F , <<unknown>>
common , co2distdata.F , <<unknown>>
common , coord.h , <<unknown>>
common , cpolar.h , <<unknown>>
common , cprnts.h , <<unknown>>
common , cregin.h , <<unknown>>
common , csbc.h , <<unknown>>
common , ctdbc.h , <<unknown>>
common , data.F , <<unknown>>
common , def_files.F , <<unknown>>
common , diag.h , <<unknown>>
common , emode.h , <<unknown>>
common , file_names.F , <<unknown>>
common , filfir.F , <<unknown>>
common , filt.F , <<unknown>>
common , filtr.F , <<unknown>>
common , filuv.F , <<unknown>>
common , findex.F , <<unknown>>
common , fwa.h , <<unknown>>
common , gasbc.F , <<unknown>>
common , global_sums.F , <<unknown>>
common , gosbc.F , <<unknown>>
common , grdvar.h , <<unknown>>
common , grids.F , <<unknown>>
common , hmixc.h , <<unknown>>
common , icedata.F , <<unknown>>
common , ice.h , <<unknown>>
common , index.h , <<unknown>>
common , iomngr.F , <<unknown>>
common , iomngr.h , <<unknown>>
common , iounit.h , <<unknown>>
common , isleperim.F , <<unknown>>
common , isleperim.h , <<unknown>>
common , isopyc.h , <<unknown>>
common , levind.h , <<unknown>>
common , mtlm.h , <<unknown>>
common , npzd.h , <<unknown>>
common , param.h , <<unknown>>
common , pconst.h , <<unknown>>
common , reg1st.F , <<unknown>>
common , scalar.h , <<unknown>>
common , sealevdata.F , <<unknown>>
common , sed.h , <<unknown>>
common , setcom.F , <<unknown>>
common , setdata.F , <<unknown>>
common , size_check.F , <<unknown>>
common , size.h , <<unknown>>
common , solardata.F , <<unknown>>
common , stab.h , <<unknown>>
common , stdunits.h , <<unknown>>
common , sulphdata.F , <<unknown>>
common , switch.F , <<unknown>>
common , switch.h , <<unknown>>
common , timeinterp.F , <<unknown>>
common , tmngr.F , <<unknown>>
common , tmngr.h , <<unknown>>
common , topog.F , <<unknown>>
common , util.F , <<unknown>>
common , UVic_ESCM.F , <<unknown>>
common , vmixc.h , <<unknown>>
common , volcdata.F , <<unknown>>
embm , adi.F , <<unknown>>
embm , atm.h , <<unknown>>
embm , embmbc.F , <<unknown>>
embm , embm.F , <<unknown>>
embm , embmio.F , <<unknown>>
embm , embm_rest.F , <<unknown>>
embm , embm_tavg.F , <<unknown>>
embm , embm_tsi.F , <<unknown>>
embm , fluxes.F , <<unknown>>
embm , gvsbc.F , <<unknown>>
embm , insolation.F , <<unknown>>
embm , insolation.h , <<unknown>>
embm , mgrid.F , <<unknown>>
embm , riv.h , <<unknown>>
embm , rivmodel.F , <<unknown>>
embm , setembm.F , <<unknown>>
embm , slap.F , <<unknown>>
embm , solve.F , <<unknown>>
embm , solve.h , <<unknown>>
embm , veg.h , <<unknown>>
embm , winds.F , <<unknown>>
ice , cpts.F , <<unknown>>
ice , cpts.h , <<unknown>>
ice , evp.F , <<unknown>>
ice , evp.h , <<unknown>>
ice , iceadv.F , <<unknown>>
ice , ice.F , <<unknown>>
ice , therm.F , <<unknown>>
ice , thermo.h , <<unknown>>
ism , ism.F , <<unknown>>
ism , ismio.F , <<unknown>>
ism , ism_rest.F , <<unknown>>
ism , ism_tavg.F , <<unknown>>
ism , ism_tsi.F , <<unknown>>
ism , setism.F , <<unknown>>
mom , adv_vel.F , <<unknown>>
mom , bardiv.F , <<unknown>>
mom , bcest.F , <<unknown>>
mom , blmixi.F , <<unknown>>
mom , calc_psgrad.F , <<unknown>>
mom , checks.F , <<unknown>>
mom , clinic.F , <<unknown>>
mom , congrad.F , <<unknown>>
mom , convect_brine.F , <<unknown>>
mom , convect.F , <<unknown>>
mom , cshort.h , <<unknown>>
mom , ctavg.h , <<unknown>>
mom , ctmb.h , <<unknown>>
mom , delsq.F , <<unknown>>
mom , denscoef.F , <<unknown>>
mom , dens.h , <<unknown>>
mom , diaga.h , <<unknown>>
mom , diag.F , <<unknown>>
mom , diagi.F , <<unknown>>
mom , diago.F , <<unknown>>
mom , docnam.h , <<unknown>>
mom , energy.F , <<unknown>>
mom , fdifm.h , <<unknown>>
mom , fdift.h , <<unknown>>
mom , gyre.F , <<unknown>>
mom , hmixc.F , <<unknown>>
mom , hyper3.F , <<unknown>>
mom , invtri.F , <<unknown>>
mom , io.F , <<unknown>>
mom , isopyc.F , <<unknown>>
mom , loadmw.F , <<unknown>>
mom , matrix.F , <<unknown>>
mom , matrix.h , <<unknown>>
mom , mom.F , <<unknown>>
mom , mom_rest.F , <<unknown>>
mom , mom_tavg.F , <<unknown>>
mom , mom_tbt.F , <<unknown>>
mom , mom_tsi.F , <<unknown>>
mom , mw.h , <<unknown>>
mom , neptune.F , <<unknown>>
mom , npzd_src.F , <<unknown>>
mom , odam.F , <<unknown>>
mom , poisson.F , <<unknown>>
mom , ppmix.F , <<unknown>>
mom , reg1st.F , <<unknown>>
mom , relax1.F , <<unknown>>
mom , setkmp.F , <<unknown>>
mom , setmom.F , <<unknown>>
mom , setvbc.F , <<unknown>>
mom , smagnl.F , <<unknown>>
mom , stab.F , <<unknown>>
mom , state.F , statec_
mom , state.h , <<unknown>>
mom , tbt.F , <<unknown>>
mom , tbt.h , <<unknown>>
mom , termbal.F , <<unknown>>
mom , tidal_kv.h , <<unknown>>
mom , timeavgs.F , <<unknown>>
mom , timeavgs.h , <<unknown>>
mom , tracer_adv_flx.F , <<unknown>>
mom , tracer.F , <<unknown>>
mom , tropic.F , <<unknown>>
mom , vmixc.F , <<unknown>>
mom , xbt.F , <<unknown>>
mom , xbt.h , <<unknown>>
mtlm , canopy.F , <<unknown>>
mtlm , glsbc.F , <<unknown>>
mtlm , leaf_lit.F , <<unknown>>
mtlm , lotka.F , <<unknown>>
mtlm , microbe.F , <<unknown>>
mtlm , mtlm_data.h , <<unknown>>
mtlm , mtlm.F , <<unknown>>
mtlm , mtlmio.F , <<unknown>>
mtlm , mtlm_rest.F , <<unknown>>
mtlm , mtlm_state.F , <<unknown>>
mtlm , mtlm_tavg.F , <<unknown>>
mtlm , mtlm_tsi.F , <<unknown>>
mtlm , penmon.F , <<unknown>>
mtlm , pft_sparm.F , <<unknown>>
mtlm , phenol.F , <<unknown>>
mtlm , qsat.F , <<unknown>>
mtlm , setmtlm.F , <<unknown>>
mtlm , sf_stom.F , <<unknown>>
mtlm , soilcarb.F , <<unknown>>
mtlm , swrad.F , <<unknown>>
mtlm , triffid.F , <<unknown>>
mtlm , vegcarb.F , <<unknown>>
netcdf , netcdf.inc , <<unknown>>
netcdf , uvic_netcdf.f , <<unknown>>
netcdf , uvic_netcdf.h , <<unknown>>
rot , uvic_rot.f , <<unknown>>
sed , sed.F , <<unknown>>
sed , sediment.F , <<unknown>>
sed , sedio.F , <<unknown>>
sed , sed_rest.F , <<unknown>>
sed , sed_tavg.F , <<unknown>>
sed , sed_tsi.F , <<unknown>>
sed , setsed.F , <<unknown>>
common , data.F , addtime
f90 , cmo.f90 , aisi
common , co2data.F , areaavg
common , co2distdata.F , areatot
mom , diag.F , avgvar
mom , tracer.F , check_diff
mom , poisson.F , con_adjust
common , global_sums.F , defdim
common , global_sums.F , defvar
mom , mom_rest.F , depth_u
embm , embm_rest.F , edge_maker
common , def_files.F , embm_rest_def
embm , embmio.F , embm_rest_out
embm , embmio.F , embm_tavg_out
common , global_sums.F , enddef
common , aggdata.F , getatttext
common , aggdata.F , getdimlen
common , switch.F , getfulltime
common , file_names.F , getunit
common , iomngr.F , getunitnumber
common , aggdata.F , getvara
embm , embm_rest.F , getvars
common , timeinterp.F , inctime
mom , isopyc.F , isoflux
common , def_files.F , mkstmp
f90 , cmo.f90 , mort_aggreg
f90 , cmo.f90 , mort_D_UVic
f90 , cmo.f90 , mort_mp
common , UVic_ESCM.F , mort
f90 , cmo.f90 , mort_UVic
common , def_files.F , mtlm_rest_def
common , aggdata.F , openfile
common , def_files.F , opennew
common , def_files.F , opennext
common , global_sums.F , putatttext
embm , embm_tavg.F , putvaramsk
common , gosbc.F , putvara
common , global_sums.F , putvars
common , def_files.F , rdstmp
common , global_sums.F , redef
common , file_names.F , relunit
common , filfir.F , setbcx
common , tmngr.F , setfulltime2
common , timeinterp.F , setfulltime
common , switch.F , stabi
common , switch.F , stab
common , data.F , subtime
